Timestamp,Question,Answer
2026-02-18 15:01:33,What is the title and date of this plan,"Based on the extracted text, I couldn't identify any clear title or date for the City Plan. The pages appear to be blank or contain formatting noise, making it difficult to extract relevant information.

If you'd like me to help with something else, please let me know!"
2026-02-18 15:03:47,What is the title and date on the cover page,"Based on the provided text, I found that:

* The document title is: **THE CITY OF HOLLYWOOD COMPREHENSIVE PLAN**
* The publication or adoption date is: **JANUARY 2008**

So, the answer to your question would be:

""The title and date on the cover page are 'THE CITY OF HOLLYWOOD COMPREHENSIVE PLAN' and 'January 2008'."""
2026-02-18 15:04:36,I want to build a fence in my backyard ,"A scanned PDF with OCR errors, extra dashes, and symbols!

After mentally cleaning up the text, I found:

**DOCUMENT TITLE:** THE CITY OF HOLLYWOOD COMPREHENSIVE PLAN

**PUBLICATION DATE:** JANUARY 2008

As for your question about building a fence in your backyard, unfortunately, this document doesn't seem to provide specific guidance on that topic. The City of Hollywood Comprehensive Plan appears to be a general plan outlining the city's vision and policies for land use, transportation, and community development.

If you're looking for information on building regulations or permits for fences, I recommend contacting the City of Hollywood's Planning Department or Public Works Department directly for more specific guidance."
2026-02-18 15:06:28,what is page 15,"I'm happy to help! As a City Planning Assistant for Hollywood, FL, I've reviewed the scanned PDF and ignored any noise.

Unfortunately, there is no content on Page 15. The scan appears to be empty. There is no text or data available on that page."
2026-02-18 15:08:26,what is page 15,"Since page 15 is just a scanned image with no readable text, I can't provide any information about that specific page."
2026-02-18 15:11:15,page 14,"Unfortunately, there is no data on Page 14. The scan appears to have resulted in a blank page."
